Source,Traget,type,id,Label
Napoléon Marais,Wilfried Le Sueur,undirected,0,friendOf
Napoléon Marais,Christine Ballouhey,undirected,1,friendOf
Napoléon Marais,Augustin Chardin,undirected,2,friendOf
Napoléon Marais,Thaïs LaFromboise,undirected,3,friendOf
Napoléon Marais,Éliane Affré,undirected,4,friendOf
Napoléon Marais,Marie-Claire Spanghero,undirected,5,friendOf
Napoléon Marais,Ghyslaine Auvray,undirected,6,friendOf
Napoléon Marais,Dolorès Neri,undirected,7,friendOf
Napoléon Marais,Charlène Gavreau,undirected,8,friendOf
Napoléon Marais,Anne-Laure Gainsbourg,undirected,9,friendOf
Napoléon Marais,Isabelle Charpentier,undirected,10,friendOf
Napoléon Marais,Abélia Balzac,undirected,11,friendOf
Napoléon Marais,Sylviane Besnard,undirected,12,friendOf
Napoléon Marais,Gaspard Robineau,undirected,13,friendOf
Christophe Leclère,Thibaud Vasseur,undirected,14,friendOf
Christophe Leclère,Émilien Bouhier,undirected,15,friendOf
Christophe Leclère,Gaylord Berengar,undirected,16,friendOf
Christophe Leclère,Nathan Gide,undirected,17,friendOf
Christophe Leclère,Aliénor Lacan,undirected,18,friendOf
Christophe Leclère,Éléonore Beauchamp,undirected,19,friendOf
Christophe Leclère,Marie-José Girault,undirected,20,friendOf
Christophe Leclère,Davy Bethune,undirected,21,friendOf
Christophe Leclère,Augustin Chardin,undirected,22,friendOf
Christophe Leclère,Loup Gauthier,undirected,23,friendOf
Christophe Leclère,Samuel Hérisson,undirected,24,friendOf
Christophe Leclère,Éloi Galopin,undirected,25,friendOf
Christophe Leclère,Dimitri Delcroix,undirected,26,friendOf
Christophe Leclère,Aaron Charpentier,undirected,27,friendOf
Christophe Leclère,Simon Bethune,undirected,28,friendOf
Christophe Leclère,Haydée Gueguen,undirected,29,friendOf
Christophe Leclère,Ginette Laflèche,undirected,30,friendOf
Léo Stuart,Christine Ballouhey,undirected,31,friendOf
Léo Stuart,Laurette Escoffier,undirected,32,friendOf
Léo Stuart,Agathe Jacquard,undirected,33,friendOf
Léo Stuart,Marie D'Aboville,undirected,34,friendOf
Léo Stuart,Ivanna Mallette,undirected,35,friendOf
Léo Stuart,Thierry Boudreaux,undirected,36,friendOf
Léo Stuart,Gilbert Allaire,undirected,37,friendOf
Léo Stuart,Davy Bethune,undirected,38,friendOf
Léo Stuart,Augustin Chardin,undirected,39,friendOf
Léo Stuart,Loup Gauthier,undirected,40,friendOf
Léo Stuart,Samuel Hérisson,undirected,41,friendOf
Léo Stuart,Éloi Galopin,undirected,42,friendOf
Léo Stuart,Dimitri Delcroix,undirected,43,friendOf
Léo Stuart,Aaron Charpentier,undirected,44,friendOf
Léo Stuart,Simon Bethune,undirected,45,friendOf
Samuel Emmanuelli,Marion Batteux,undirected,46,friendOf
Samuel Emmanuelli,Claire Renaudin,undirected,47,friendOf
Samuel Emmanuelli,Ludovic Lavigne,undirected,48,friendOf
Samuel Emmanuelli,Remi Galopin,undirected,49,friendOf
Samuel Emmanuelli,Yves Berger,undirected,50,friendOf
Wilfrid Rigal,Sacha Bourseiller,undirected,51,friendOf
Wilfrid Rigal,Louis Thibodeaux,undirected,52,friendOf
Wilfrid Rigal,Marian Maret,undirected,53,friendOf
Wilfrid Rigal,Jacob Jauffret,undirected,54,friendOf
Wilfrid Rigal,Gérôme Calvet,undirected,55,friendOf
Wilfrid Rigal,Thaïs LaFromboise,undirected,56,friendOf
Wilfrid Rigal,Éliane Affré,undirected,57,friendOf
Wilfrid Rigal,Marie-Claire Spanghero,undirected,58,friendOf
Wilfrid Rigal,Ghyslaine Auvray,undirected,59,friendOf
Jérôme Jullien,Christine Ballouhey,undirected,60,friendOf
Jérôme Jullien,Laurette Escoffier,undirected,61,friendOf
Jérôme Jullien,Agathe Jacquard,undirected,62,friendOf
Jérôme Jullien,Marie D'Aboville,undirected,63,friendOf
Jérôme Jullien,Ivanna Mallette,undirected,64,friendOf
Jérôme Jullien,Thierry Boudreaux,undirected,65,friendOf
Jérôme Jullien,Gilbert Allaire,undirected,66,friendOf
Wilfried Le Sueur,Micheline Bain,undirected,67,friendOf
Wilfried Le Sueur,Alexis Bethune,undirected,68,friendOf
Wilfried Le Sueur,Jean-François Laurens,undirected,69,friendOf
Wilfried Le Sueur,Gabriel Genest,undirected,70,friendOf
Claude Poincaré,Clarisse Affré,undirected,71,friendOf
Claude Poincaré,Michèle Pernet,undirected,72,friendOf
Claude Poincaré,Christine Ballouhey,undirected,73,friendOf
Claude Poincaré,Laurette Escoffier,undirected,74,friendOf
Claude Poincaré,Agathe Jacquard,undirected,75,friendOf
Claude Poincaré,Marie D'Aboville,undirected,76,friendOf
Claude Poincaré,Ivanna Mallette,undirected,77,friendOf
Claude Poincaré,Thierry Boudreaux,undirected,78,friendOf
Claude Poincaré,Gilbert Allaire,undirected,79,friendOf
Claude Poincaré,Davy Bethune,undirected,80,friendOf
Claude Poincaré,Augustin Chardin,undirected,81,friendOf
Claude Poincaré,Loup Gauthier,undirected,82,friendOf
Claude Poincaré,Samuel Hérisson,undirected,83,friendOf
Claude Poincaré,Éloi Galopin,undirected,84,friendOf
Claude Poincaré,Dimitri Delcroix,undirected,85,friendOf
Nicolas Raoult,Gabriel Genest,undirected,86,friendOf
Nicolas Raoult,Élie Nicollier,undirected,87,friendOf
Nicolas Raoult,Jordan Trottier,undirected,88,friendOf
Nicolas Raoult,Lambert Gaume,undirected,89,friendOf
Nicolas Raoult,Jules Dieulafoy,undirected,90,friendOf
Nicolas Raoult,Colin Schaeffer,undirected,91,friendOf
Nicolas Raoult,Roland Vigouroux,undirected,92,friendOf
Nicolas Raoult,Roger Jeannin,undirected,93,friendOf
Nicolas Raoult,Armelle Lozé,undirected,94,friendOf
Nicolas Raoult,Roberte Barreau,undirected,95,friendOf
Nicolas Raoult,Berthe Serre,undirected,96,friendOf
Nicolas Raoult,Haydée Gauthier,undirected,97,friendOf
Nicolas Raoult,Mathilde Vérany,undirected,98,friendOf
Nicolas Raoult,Diane Rousseau,undirected,99,friendOf
Nicolas Raoult,Sabrina Lussier,undirected,100,friendOf
Nicolas Raoult,Leslie Plantier,undirected,101,friendOf
Nicolas Raoult,Marion Batteux,undirected,102,friendOf
Nicolas Raoult,Claire Renaudin,undirected,103,friendOf
Nicolas Raoult,Ludovic Lavigne,undirected,104,friendOf
Nicolas Raoult,Remi Galopin,undirected,105,friendOf
Nicolas Raoult,Yves Berger,undirected,106,friendOf
Marc-Antoine LaFromboise,Émilien Bouhier,undirected,107,friendOf
Marc-Antoine LaFromboise,Gaylord Berengar,undirected,108,friendOf
Marc-Antoine LaFromboise,Nathan Gide,undirected,109,friendOf
Marc-Antoine LaFromboise,Aliénor Lacan,undirected,110,friendOf
Marc-Antoine LaFromboise,Éléonore Beauchamp,undirected,111,friendOf
Marc-Antoine LaFromboise,Marie-José Girault,undirected,112,friendOf
Marc-Antoine LaFromboise,Catherine Vaillancourt,undirected,113,friendOf
Marc-Antoine LaFromboise,Huguette Bouthillier,undirected,114,friendOf
Marc-Antoine LaFromboise,Gwendoline LaFromboise,undirected,115,friendOf
Marc-Antoine LaFromboise,Angélique Milhaud,undirected,116,friendOf
Lorie Chapuis,Thibault Bellegarde,undirected,117,friendOf
Lorie Chapuis,Sacha Bourseiller,undirected,118,friendOf
Lorie Chapuis,Louis Thibodeaux,undirected,119,friendOf
Lorie Chapuis,Marian Maret,undirected,120,friendOf
Lorie Chapuis,Jacob Jauffret,undirected,121,friendOf
Lorie Chapuis,Gérôme Calvet,undirected,122,friendOf
Lorie Chapuis,Thaïs LaFromboise,undirected,123,friendOf
Lorie Chapuis,Éliane Affré,undirected,124,friendOf
Lorie Chapuis,Marie-Claire Spanghero,undirected,125,friendOf
Lorie Chapuis,Ghyslaine Auvray,undirected,126,friendOf
Lorie Chapuis,Dolorès Neri,undirected,127,friendOf
Jocelyne Touchard,Marie D'Aboville,undirected,128,friendOf
Jocelyne Touchard,Ivanna Mallette,undirected,129,friendOf
Jocelyne Touchard,Thierry Boudreaux,undirected,130,friendOf
Jocelyne Touchard,Gilbert Allaire,undirected,131,friendOf
Jocelyne Touchard,Davy Bethune,undirected,132,friendOf
Jocelyne Touchard,Augustin Chardin,undirected,133,friendOf
Jocelyne Touchard,Loup Gauthier,undirected,134,friendOf
Jocelyne Touchard,Samuel Hérisson,undirected,135,friendOf
Jocelyne Touchard,Éloi Galopin,undirected,136,friendOf
Jocelyne Touchard,Dimitri Delcroix,undirected,137,friendOf
Jocelyne Touchard,Aaron Charpentier,undirected,138,friendOf
Sabine Crépin,Jules Dieulafoy,undirected,139,friendOf
Sabine Crépin,Colin Schaeffer,undirected,140,friendOf
Sabine Crépin,Roland Vigouroux,undirected,141,friendOf
Sabine Crépin,Roger Jeannin,undirected,142,friendOf
Sabine Crépin,Armelle Lozé,undirected,143,friendOf
Sabine Crépin,Roberte Barreau,undirected,144,friendOf
Sabine Crépin,Berthe Serre,undirected,145,friendOf
Sabine Crépin,Haydée Gauthier,undirected,146,friendOf
Sabine Crépin,Mathilde Vérany,undirected,147,friendOf
Clarisse Affré,Dimitri Delcroix,undirected,148,friendOf
Clarisse Affré,Aaron Charpentier,undirected,149,friendOf
Clarisse Affré,Simon Bethune,undirected,150,friendOf
Clarisse Affré,Haydée Gueguen,undirected,151,friendOf
Clarisse Affré,Ginette Laflèche,undirected,152,friendOf
Clarisse Affré,Victoria Clérico,undirected,153,friendOf
Clarisse Affré,Colette Jacquet,undirected,154,friendOf
Clarisse Affré,Régine Bachelot,undirected,155,friendOf
Clarisse Affré,Natacha Brunet,undirected,156,friendOf
Michèle Pernet,Thibault Bellegarde,undirected,157,friendOf
Michèle Pernet,Sacha Bourseiller,undirected,158,friendOf
Michèle Pernet,Louis Thibodeaux,undirected,159,friendOf
Michèle Pernet,Marian Maret,undirected,160,friendOf
Michèle Pernet,Jacob Jauffret,undirected,161,friendOf
Michèle Pernet,Gérôme Calvet,undirected,162,friendOf
Michèle Pernet,Thaïs LaFromboise,undirected,163,friendOf
Michèle Pernet,Éliane Affré,undirected,164,friendOf
Michèle Pernet,Marie-Claire Spanghero,undirected,165,friendOf
Michèle Pernet,Ghyslaine Auvray,undirected,166,friendOf
Christine Ballouhey,Samuel Emmanuelli,undirected,167,friendOf
Christine Ballouhey,Wilfrid Rigal,undirected,168,friendOf
Christine Ballouhey,Jérôme Jullien,undirected,169,friendOf
Christine Ballouhey,Wilfried Le Sueur,undirected,170,friendOf
Christine Ballouhey,Claude Poincaré,undirected,171,friendOf
Christine Ballouhey,Nicolas Raoult,undirected,172,friendOf
Christine Ballouhey,Marc-Antoine LaFromboise,undirected,173,friendOf
Christine Ballouhey,Lorie Chapuis,undirected,174,friendOf
Christine Ballouhey,Jocelyne Touchard,undirected,175,friendOf
Christine Ballouhey,Sabine Crépin,undirected,176,friendOf
Laurette Escoffier,Thierry Boudreaux,undirected,177,friendOf
Laurette Escoffier,Gilbert Allaire,undirected,178,friendOf
Laurette Escoffier,Davy Bethune,undirected,179,friendOf
Laurette Escoffier,Augustin Chardin,undirected,180,friendOf
Laurette Escoffier,Loup Gauthier,undirected,181,friendOf
Laurette Escoffier,Samuel Hérisson,undirected,182,friendOf
Laurette Escoffier,Éloi Galopin,undirected,183,friendOf
Laurette Escoffier,Dimitri Delcroix,undirected,184,friendOf
Laurette Escoffier,Aaron Charpentier,undirected,185,friendOf
Laurette Escoffier,Simon Bethune,undirected,186,friendOf
Laurette Escoffier,Haydée Gueguen,undirected,187,friendOf
Agathe Jacquard,Wilfrid Rigal,undirected,188,friendOf
Agathe Jacquard,Jérôme Jullien,undirected,189,friendOf
Agathe Jacquard,Wilfried Le Sueur,undirected,190,friendOf
Agathe Jacquard,Claude Poincaré,undirected,191,friendOf
Agathe Jacquard,Nicolas Raoult,undirected,192,friendOf
Agathe Jacquard,Marc-Antoine LaFromboise,undirected,193,friendOf
Agathe Jacquard,Lorie Chapuis,undirected,194,friendOf
Agathe Jacquard,Jocelyne Touchard,undirected,195,friendOf
Marie D'Aboville,Josée Delafose,undirected,196,friendOf
Marie D'Aboville,Micheline Bain,undirected,197,friendOf
Marie D'Aboville,Alexis Bethune,undirected,198,friendOf
Marie D'Aboville,Jean-François Laurens,undirected,199,friendOf
Marie D'Aboville,Gabriel Genest,undirected,200,friendOf
Marie D'Aboville,Élie Nicollier,undirected,201,friendOf
Marie D'Aboville,Jordan Trottier,undirected,202,friendOf
Marie D'Aboville,Lambert Gaume,undirected,203,friendOf
Marie D'Aboville,Jules Dieulafoy,undirected,204,friendOf
Marie D'Aboville,Colin Schaeffer,undirected,205,friendOf
Ivanna Mallette,Christophe Leclère,undirected,206,friendOf
Ivanna Mallette,Léo Stuart,undirected,207,friendOf
Ivanna Mallette,Samuel Emmanuelli,undirected,208,friendOf
Thierry Boudreaux,Josée Delafose,undirected,209,friendOf
Thierry Boudreaux,Micheline Bain,undirected,210,friendOf
Thierry Boudreaux,Alexis Bethune,undirected,211,friendOf
Thierry Boudreaux,Jean-François Laurens,undirected,212,friendOf
Thierry Boudreaux,Gabriel Genest,undirected,213,friendOf
Thierry Boudreaux,Élie Nicollier,undirected,214,friendOf
Gilbert Allaire,Christophe Leclère,undirected,215,friendOf
Gilbert Allaire,Léo Stuart,undirected,216,friendOf
Gilbert Allaire,Samuel Emmanuelli,undirected,217,friendOf
Gilbert Allaire,Wilfrid Rigal,undirected,218,friendOf
Gilbert Allaire,Jérôme Jullien,undirected,219,friendOf
Gilbert Allaire,Wilfried Le Sueur,undirected,220,friendOf
Gilbert Allaire,Claude Poincaré,undirected,221,friendOf
Gilbert Allaire,Josée Delafose,undirected,222,friendOf
Gilbert Allaire,Micheline Bain,undirected,223,friendOf
Gilbert Allaire,Alexis Bethune,undirected,224,friendOf
Gilbert Allaire,Jean-François Laurens,undirected,225,friendOf
Gilbert Allaire,Gabriel Genest,undirected,226,friendOf
Gilbert Allaire,Élie Nicollier,undirected,227,friendOf
Davy Bethune,Lorie Chapuis,undirected,228,friendOf
Davy Bethune,Jocelyne Touchard,undirected,229,friendOf
Davy Bethune,Sabine Crépin,undirected,230,friendOf
Davy Bethune,Clarisse Affré,undirected,231,friendOf
Augustin Chardin,Jules Dieulafoy,undirected,232,friendOf
Augustin Chardin,Colin Schaeffer,undirected,233,friendOf
Augustin Chardin,Roland Vigouroux,undirected,234,friendOf
Augustin Chardin,Roger Jeannin,undirected,235,friendOf
Augustin Chardin,Armelle Lozé,undirected,236,friendOf
Augustin Chardin,Roberte Barreau,undirected,237,friendOf
Augustin Chardin,Berthe Serre,undirected,238,friendOf
Augustin Chardin,Haydée Gauthier,undirected,239,friendOf
Augustin Chardin,Mathilde Vérany,undirected,240,friendOf
Augustin Chardin,Diane Rousseau,undirected,241,friendOf
Augustin Chardin,Sabrina Lussier,undirected,242,friendOf
Loup Gauthier,Jules Dieulafoy,undirected,243,friendOf
Loup Gauthier,Colin Schaeffer,undirected,244,friendOf
Loup Gauthier,Roland Vigouroux,undirected,245,friendOf
Loup Gauthier,Roger Jeannin,undirected,246,friendOf
Loup Gauthier,Armelle Lozé,undirected,247,friendOf
Loup Gauthier,Roberte Barreau,undirected,248,friendOf
Loup Gauthier,Berthe Serre,undirected,249,friendOf
Loup Gauthier,Haydée Gauthier,undirected,250,friendOf
Loup Gauthier,Mathilde Vérany,undirected,251,friendOf
Loup Gauthier,Diane Rousseau,undirected,252,friendOf
Samuel Hérisson,Gérôme Calvet,undirected,253,friendOf
Samuel Hérisson,Thaïs LaFromboise,undirected,254,friendOf
Samuel Hérisson,Éliane Affré,undirected,255,friendOf
Samuel Hérisson,Marie-Claire Spanghero,undirected,256,friendOf
Samuel Hérisson,Ghyslaine Auvray,undirected,257,friendOf
Samuel Hérisson,Dolorès Neri,undirected,258,friendOf
Samuel Hérisson,Charlène Gavreau,undirected,259,friendOf
Éloi Galopin,Wilfried Le Sueur,undirected,260,friendOf
Éloi Galopin,Claude Poincaré,undirected,261,friendOf
Éloi Galopin,Nicolas Raoult,undirected,262,friendOf
Éloi Galopin,Marc-Antoine LaFromboise,undirected,263,friendOf
Éloi Galopin,Lorie Chapuis,undirected,264,friendOf
Éloi Galopin,Jocelyne Touchard,undirected,265,friendOf
Éloi Galopin,Sabine Crépin,undirected,266,friendOf
Éloi Galopin,Clarisse Affré,undirected,267,friendOf
Dimitri Delcroix,Marion Batteux,undirected,268,friendOf
Dimitri Delcroix,Claire Renaudin,undirected,269,friendOf
Dimitri Delcroix,Ludovic Lavigne,undirected,270,friendOf
Dimitri Delcroix,Remi Galopin,undirected,271,friendOf
Dimitri Delcroix,Yves Berger,undirected,272,friendOf
Dimitri Delcroix,Théophile Lecerf,undirected,273,friendOf
Dimitri Delcroix,Thibault Bellegarde,undirected,274,friendOf
Dimitri Delcroix,Sacha Bourseiller,undirected,275,friendOf
Dimitri Delcroix,Louis Thibodeaux,undirected,276,friendOf
Aaron Charpentier,Ghyslaine Auvray,undirected,277,friendOf
Aaron Charpentier,Dolorès Neri,undirected,278,friendOf
Aaron Charpentier,Charlène Gavreau,undirected,279,friendOf
Aaron Charpentier,Anne-Laure Gainsbourg,undirected,280,friendOf
Aaron Charpentier,Isabelle Charpentier,undirected,281,friendOf
Aaron Charpentier,Abélia Balzac,undirected,282,friendOf
Aaron Charpentier,Sylviane Besnard,undirected,283,friendOf
Aaron Charpentier,Gaspard Robineau,undirected,284,friendOf
Simon Bethune,Marc-Antoine LaFromboise,undirected,285,friendOf
Simon Bethune,Lorie Chapuis,undirected,286,friendOf
Simon Bethune,Jocelyne Touchard,undirected,287,friendOf
Simon Bethune,Sabine Crépin,undirected,288,friendOf
Simon Bethune,Clarisse Affré,undirected,289,friendOf
Simon Bethune,Michèle Pernet,undirected,290,friendOf
Simon Bethune,Christine Ballouhey,undirected,291,friendOf
Simon Bethune,Laurette Escoffier,undirected,292,friendOf
Simon Bethune,Agathe Jacquard,undirected,293,friendOf
Simon Bethune,Marie D'Aboville,undirected,294,friendOf
Haydée Gueguen,Jordan Trottier,undirected,295,friendOf
Haydée Gueguen,Lambert Gaume,undirected,296,friendOf
Haydée Gueguen,Jules Dieulafoy,undirected,297,friendOf
Haydée Gueguen,Colin Schaeffer,undirected,298,friendOf
Ginette Laflèche,Jordan Trottier,undirected,299,friendOf
Ginette Laflèche,Lambert Gaume,undirected,300,friendOf
Ginette Laflèche,Jules Dieulafoy,undirected,301,friendOf
Ginette Laflèche,Colin Schaeffer,undirected,302,friendOf
Ginette Laflèche,Roland Vigouroux,undirected,303,friendOf
Ginette Laflèche,Roger Jeannin,undirected,304,friendOf
Ginette Laflèche,Armelle Lozé,undirected,305,friendOf
Ginette Laflèche,Roberte Barreau,undirected,306,friendOf
Ginette Laflèche,Berthe Serre,undirected,307,friendOf
Ginette Laflèche,Haydée Gauthier,undirected,308,friendOf
Victoria Clérico,Roland Vigouroux,undirected,309,friendOf
Victoria Clérico,Roger Jeannin,undirected,310,friendOf
Victoria Clérico,Armelle Lozé,undirected,311,friendOf
Victoria Clérico,Roberte Barreau,undirected,312,friendOf
Victoria Clérico,Berthe Serre,undirected,313,friendOf
Victoria Clérico,Haydée Gauthier,undirected,314,friendOf
Colette Jacquet,Leslie Plantier,undirected,315,friendOf
Colette Jacquet,Marion Batteux,undirected,316,friendOf
Colette Jacquet,Claire Renaudin,undirected,317,friendOf
Colette Jacquet,Ludovic Lavigne,undirected,318,friendOf
Colette Jacquet,Remi Galopin,undirected,319,friendOf
Régine Bachelot,Marc-Antoine LaFromboise,undirected,320,friendOf
Régine Bachelot,Lorie Chapuis,undirected,321,friendOf
Régine Bachelot,Jocelyne Touchard,undirected,322,friendOf
Régine Bachelot,Sabine Crépin,undirected,323,friendOf
Régine Bachelot,Clarisse Affré,undirected,324,friendOf
Régine Bachelot,Michèle Pernet,undirected,325,friendOf
Régine Bachelot,Christine Ballouhey,undirected,326,friendOf
Natacha Brunet,Roger Jeannin,undirected,327,friendOf
Natacha Brunet,Armelle Lozé,undirected,328,friendOf
Natacha Brunet,Roberte Barreau,undirected,329,friendOf
Natacha Brunet,Berthe Serre,undirected,330,friendOf
Natacha Brunet,Haydée Gauthier,undirected,331,friendOf
Marcelle Bellegarde,Augustin Chardin,undirected,332,friendOf
Marcelle Bellegarde,Loup Gauthier,undirected,333,friendOf
Marcelle Bellegarde,Samuel Hérisson,undirected,334,friendOf
Marcelle Bellegarde,Éloi Galopin,undirected,335,friendOf
Marcelle Bellegarde,Dimitri Delcroix,undirected,336,friendOf
Marcelle Bellegarde,Aaron Charpentier,undirected,337,friendOf
Marcelle Bellegarde,Simon Bethune,undirected,338,friendOf
Rosalie Rochefort,Sabine Crépin,undirected,339,friendOf
Rosalie Rochefort,Clarisse Affré,undirected,340,friendOf
Rosalie Rochefort,Michèle Pernet,undirected,341,friendOf
Rosalie Rochefort,Christine Ballouhey,undirected,342,friendOf
Rosalie Rochefort,Laurette Escoffier,undirected,343,friendOf
Rosalie Rochefort,Agathe Jacquard,undirected,344,friendOf
Rosalie Rochefort,Marie D'Aboville,undirected,345,friendOf
Josée Delafose,Berthe Serre,undirected,346,friendOf
Josée Delafose,Haydée Gauthier,undirected,347,friendOf
Josée Delafose,Mathilde Vérany,undirected,348,friendOf
Josée Delafose,Diane Rousseau,undirected,349,friendOf
Josée Delafose,Sabrina Lussier,undirected,350,friendOf
Micheline Bain,Ludovic Lavigne,undirected,351,friendOf
Micheline Bain,Remi Galopin,undirected,352,friendOf
Micheline Bain,Yves Berger,undirected,353,friendOf
Micheline Bain,Théophile Lecerf,undirected,354,friendOf
Micheline Bain,Thibault Bellegarde,undirected,355,friendOf
Micheline Bain,Sacha Bourseiller,undirected,356,friendOf
Alexis Bethune,Colette Jacquet,undirected,357,friendOf
Alexis Bethune,Régine Bachelot,undirected,358,friendOf
Alexis Bethune,Natacha Brunet,undirected,359,friendOf
Jean-François Laurens,Sabrina Lussier,undirected,360,friendOf
Jean-François Laurens,Leslie Plantier,undirected,361,friendOf
Jean-François Laurens,Marion Batteux,undirected,362,friendOf
Jean-François Laurens,Claire Renaudin,undirected,363,friendOf
Jean-François Laurens,Ludovic Lavigne,undirected,364,friendOf
Gabriel Genest,Roger Jeannin,undirected,365,friendOf
Gabriel Genest,Armelle Lozé,undirected,366,friendOf
Gabriel Genest,Roberte Barreau,undirected,367,friendOf
Gabriel Genest,Berthe Serre,undirected,368,friendOf
Gabriel Genest,Haydée Gauthier,undirected,369,friendOf
Gabriel Genest,Mathilde Vérany,undirected,370,friendOf
Élie Nicollier,Thaïs LaFromboise,undirected,371,friendOf
Élie Nicollier,Éliane Affré,undirected,372,friendOf
Élie Nicollier,Marie-Claire Spanghero,undirected,373,friendOf
Élie Nicollier,Ghyslaine Auvray,undirected,374,friendOf
Élie Nicollier,Dolorès Neri,undirected,375,friendOf
Élie Nicollier,Charlène Gavreau,undirected,376,friendOf
Jordan Trottier,Kévin Pasquier,undirected,377,friendOf
Jordan Trottier,François Pretre,undirected,378,friendOf
Jordan Trottier,Cédric Malet,undirected,379,friendOf
Jordan Trottier,Thibaud Vasseur,undirected,380,friendOf
Jordan Trottier,Émilien Bouhier,undirected,381,friendOf
Lambert Gaume,Samuel Hérisson,undirected,382,friendOf
Lambert Gaume,Éloi Galopin,undirected,383,friendOf
Lambert Gaume,Dimitri Delcroix,undirected,384,friendOf
Lambert Gaume,Aaron Charpentier,undirected,385,friendOf
Lambert Gaume,Simon Bethune,undirected,386,friendOf
Lambert Gaume,Haydée Gueguen,undirected,387,friendOf
Lambert Gaume,Ginette Laflèche,undirected,388,friendOf
Jules Dieulafoy,Marian Maret,undirected,389,friendOf
Jules Dieulafoy,Jacob Jauffret,undirected,390,friendOf
Jules Dieulafoy,Gérôme Calvet,undirected,391,friendOf
Jules Dieulafoy,Thaïs LaFromboise,undirected,392,friendOf
Colin Schaeffer,Sylviane Besnard,undirected,393,friendOf
Colin Schaeffer,Gaspard Robineau,undirected,394,friendOf
Colin Schaeffer,Wilfrid Belyea,undirected,395,friendOf
Colin Schaeffer,Gaëtan Bousquet,undirected,396,friendOf
Roland Vigouroux,Cédric Malet,undirected,397,friendOf
Roland Vigouroux,Thibaud Vasseur,undirected,398,friendOf
Roland Vigouroux,Émilien Bouhier,undirected,399,friendOf
Roland Vigouroux,Gaylord Berengar,undirected,400,friendOf
Roland Vigouroux,Nathan Gide,undirected,401,friendOf
Roger Jeannin,Régine Bachelot,undirected,402,friendOf
Roger Jeannin,Natacha Brunet,undirected,403,friendOf
Roger Jeannin,Marcelle Bellegarde,undirected,404,friendOf
Roger Jeannin,Rosalie Rochefort,undirected,405,friendOf
Armelle Lozé,Samuel Hérisson,undirected,406,friendOf
Armelle Lozé,Éloi Galopin,undirected,407,friendOf
Armelle Lozé,Dimitri Delcroix,undirected,408,friendOf
Armelle Lozé,Aaron Charpentier,undirected,409,friendOf
Armelle Lozé,Simon Bethune,undirected,410,friendOf
Armelle Lozé,Haydée Gueguen,undirected,411,friendOf
Armelle Lozé,Ginette Laflèche,undirected,412,friendOf
Armelle Lozé,Victoria Clérico,undirected,413,friendOf
Armelle Lozé,Colette Jacquet,undirected,414,friendOf
Armelle Lozé,Régine Bachelot,undirected,415,friendOf
Armelle Lozé,Natacha Brunet,undirected,416,friendOf
Armelle Lozé,Marcelle Bellegarde,undirected,417,friendOf
Roberte Barreau,Marian Maret,undirected,418,friendOf
Roberte Barreau,Jacob Jauffret,undirected,419,friendOf
Roberte Barreau,Gérôme Calvet,undirected,420,friendOf
Roberte Barreau,Thaïs LaFromboise,undirected,421,friendOf
Roberte Barreau,Éliane Affré,undirected,422,friendOf
Roberte Barreau,Marie-Claire Spanghero,undirected,423,friendOf
Berthe Serre,Anne-Laure Gainsbourg,undirected,424,friendOf
Berthe Serre,Isabelle Charpentier,undirected,425,friendOf
Berthe Serre,Abélia Balzac,undirected,426,friendOf
Berthe Serre,Sylviane Besnard,undirected,427,friendOf
Berthe Serre,Gaspard Robineau,undirected,428,friendOf
Haydée Gauthier,Gabriel Genest,undirected,429,friendOf
Haydée Gauthier,Élie Nicollier,undirected,430,friendOf
Haydée Gauthier,Jordan Trottier,undirected,431,friendOf
Mathilde Vérany,Roland Vigouroux,undirected,432,friendOf
Mathilde Vérany,Roger Jeannin,undirected,433,friendOf
Mathilde Vérany,Armelle Lozé,undirected,434,friendOf
Mathilde Vérany,Roberte Barreau,undirected,435,friendOf
Mathilde Vérany,Berthe Serre,undirected,436,friendOf
Diane Rousseau,Jacob Jauffret,undirected,437,friendOf
Diane Rousseau,Gérôme Calvet,undirected,438,friendOf
Diane Rousseau,Thaïs LaFromboise,undirected,439,friendOf
Diane Rousseau,Éliane Affré,undirected,440,friendOf
Sabrina Lussier,Sylviane Besnard,undirected,441,friendOf
Sabrina Lussier,Gaspard Robineau,undirected,442,friendOf
Sabrina Lussier,Wilfrid Belyea,undirected,443,friendOf
Sabrina Lussier,Gaëtan Bousquet,undirected,444,friendOf
Sabrina Lussier,Kévin Pasquier,undirected,445,friendOf
Sabrina Lussier,François Pretre,undirected,446,friendOf
Sabrina Lussier,Cédric Malet,undirected,447,friendOf
Sabrina Lussier,Thibaud Vasseur,undirected,448,friendOf
Leslie Plantier,Jordan Trottier,undirected,449,friendOf
Leslie Plantier,Lambert Gaume,undirected,450,friendOf
Leslie Plantier,Jules Dieulafoy,undirected,451,friendOf
Leslie Plantier,Colin Schaeffer,undirected,452,friendOf
Leslie Plantier,Roland Vigouroux,undirected,453,friendOf
Marion Batteux,Thibaud Vasseur,undirected,454,friendOf
Marion Batteux,Émilien Bouhier,undirected,455,friendOf
Marion Batteux,Gaylord Berengar,undirected,456,friendOf
Marion Batteux,Nathan Gide,undirected,457,friendOf
Claire Renaudin,Émilien Bouhier,undirected,458,friendOf
Claire Renaudin,Gaylord Berengar,undirected,459,friendOf
Claire Renaudin,Nathan Gide,undirected,460,friendOf
Claire Renaudin,Aliénor Lacan,undirected,461,friendOf
Claire Renaudin,Éléonore Beauchamp,undirected,462,friendOf
Claire Renaudin,Marie-José Girault,undirected,463,friendOf
Ludovic Lavigne,Haydée Gauthier,undirected,464,friendOf
Ludovic Lavigne,Mathilde Vérany,undirected,465,friendOf
Ludovic Lavigne,Diane Rousseau,undirected,466,friendOf
Ludovic Lavigne,Sabrina Lussier,undirected,467,friendOf
Remi Galopin,Charlène Gavreau,undirected,468,friendOf
Remi Galopin,Anne-Laure Gainsbourg,undirected,469,friendOf
Remi Galopin,Isabelle Charpentier,undirected,470,friendOf
Remi Galopin,Abélia Balzac,undirected,471,friendOf
Remi Galopin,Sylviane Besnard,undirected,472,friendOf
Yves Berger,Émilien Bouhier,undirected,473,friendOf
Yves Berger,Gaylord Berengar,undirected,474,friendOf
Yves Berger,Nathan Gide,undirected,475,friendOf
Théophile Lecerf,Gérôme Calvet,undirected,476,friendOf
Théophile Lecerf,Thaïs LaFromboise,undirected,477,friendOf
Théophile Lecerf,Éliane Affré,undirected,478,friendOf
Théophile Lecerf,Marie-Claire Spanghero,undirected,479,friendOf
Théophile Lecerf,Ghyslaine Auvray,undirected,480,friendOf
Thibault Bellegarde,Huguette Bouthillier,undirected,481,friendOf
Thibault Bellegarde,Gwendoline LaFromboise,undirected,482,friendOf
Thibault Bellegarde,Angélique Milhaud,undirected,483,friendOf
Thibault Bellegarde,Michelle Lefrançois,undirected,484,friendOf
Thibault Bellegarde,Fanny Laffitte,undirected,485,friendOf
Sacha Bourseiller,Berthe Serre,undirected,486,friendOf
Sacha Bourseiller,Haydée Gauthier,undirected,487,friendOf
Sacha Bourseiller,Mathilde Vérany,undirected,488,friendOf
Sacha Bourseiller,Diane Rousseau,undirected,489,friendOf
Sacha Bourseiller,Sabrina Lussier,undirected,490,friendOf
Louis Thibodeaux,Léo Stuart,undirected,491,friendOf
Louis Thibodeaux,Samuel Emmanuelli,undirected,492,friendOf
Louis Thibodeaux,Wilfrid Rigal,undirected,493,friendOf
Louis Thibodeaux,Jérôme Jullien,undirected,494,friendOf
Louis Thibodeaux,Wilfried Le Sueur,undirected,495,friendOf
Louis Thibodeaux,Claude Poincaré,undirected,496,friendOf
Louis Thibodeaux,Nicolas Raoult,undirected,497,friendOf
Louis Thibodeaux,Marc-Antoine LaFromboise,undirected,498,friendOf
Marian Maret,Micheline Bain,undirected,499,friendOf
Marian Maret,Alexis Bethune,undirected,500,friendOf
Marian Maret,Jean-François Laurens,undirected,501,friendOf
Marian Maret,Gabriel Genest,undirected,502,friendOf
Marian Maret,Élie Nicollier,undirected,503,friendOf
Jacob Jauffret,Thibaud Vasseur,undirected,504,friendOf
Jacob Jauffret,Émilien Bouhier,undirected,505,friendOf
Jacob Jauffret,Gaylord Berengar,undirected,506,friendOf
Jacob Jauffret,Nathan Gide,undirected,507,friendOf
Jacob Jauffret,Aliénor Lacan,undirected,508,friendOf
Jacob Jauffret,Éléonore Beauchamp,undirected,509,friendOf
Gérôme Calvet,Roberte Barreau,undirected,510,friendOf
Gérôme Calvet,Berthe Serre,undirected,511,friendOf
Gérôme Calvet,Haydée Gauthier,undirected,512,friendOf
Gérôme Calvet,Mathilde Vérany,undirected,513,friendOf
Gérôme Calvet,Diane Rousseau,undirected,514,friendOf
Thaïs LaFromboise,Roger Jeannin,undirected,515,friendOf
Thaïs LaFromboise,Armelle Lozé,undirected,516,friendOf
Thaïs LaFromboise,Roberte Barreau,undirected,517,friendOf
Thaïs LaFromboise,Berthe Serre,undirected,518,friendOf
Thaïs LaFromboise,Haydée Gauthier,undirected,519,friendOf
Thaïs LaFromboise,Mathilde Vérany,undirected,520,friendOf
Thaïs LaFromboise,Diane Rousseau,undirected,521,friendOf
Thaïs LaFromboise,Sabrina Lussier,undirected,522,friendOf
Thaïs LaFromboise,Leslie Plantier,undirected,523,friendOf
Thaïs LaFromboise,Marion Batteux,undirected,524,friendOf
Thaïs LaFromboise,Claire Renaudin,undirected,525,friendOf
Thaïs LaFromboise,Ludovic Lavigne,undirected,526,friendOf
Éliane Affré,Diane Rousseau,undirected,527,friendOf
Éliane Affré,Sabrina Lussier,undirected,528,friendOf
Éliane Affré,Leslie Plantier,undirected,529,friendOf
Éliane Affré,Marion Batteux,undirected,530,friendOf
Éliane Affré,Claire Renaudin,undirected,531,friendOf
Éliane Affré,Ludovic Lavigne,undirected,532,friendOf
Éliane Affré,Remi Galopin,undirected,533,friendOf
Éliane Affré,Yves Berger,undirected,534,friendOf
Marie-Claire Spanghero,Ludovic Lavigne,undirected,535,friendOf
Marie-Claire Spanghero,Remi Galopin,undirected,536,friendOf
Marie-Claire Spanghero,Yves Berger,undirected,537,friendOf
Marie-Claire Spanghero,Théophile Lecerf,undirected,538,friendOf
Marie-Claire Spanghero,Thibault Bellegarde,undirected,539,friendOf
Marie-Claire Spanghero,Sacha Bourseiller,undirected,540,friendOf
Ghyslaine Auvray,Loup Gauthier,undirected,541,friendOf
Ghyslaine Auvray,Samuel Hérisson,undirected,542,friendOf
Ghyslaine Auvray,Éloi Galopin,undirected,543,friendOf
Ghyslaine Auvray,Dimitri Delcroix,undirected,544,friendOf
Ghyslaine Auvray,Aaron Charpentier,undirected,545,friendOf
Ghyslaine Auvray,Simon Bethune,undirected,546,friendOf
Ghyslaine Auvray,Haydée Gueguen,undirected,547,friendOf
Ghyslaine Auvray,Ginette Laflèche,undirected,548,friendOf
Ghyslaine Auvray,Victoria Clérico,undirected,549,friendOf
Ghyslaine Auvray,Colette Jacquet,undirected,550,friendOf
Ghyslaine Auvray,Régine Bachelot,undirected,551,friendOf
Ghyslaine Auvray,Natacha Brunet,undirected,552,friendOf
Ghyslaine Auvray,Marcelle Bellegarde,undirected,553,friendOf
Ghyslaine Auvray,Rosalie Rochefort,undirected,554,friendOf
Ghyslaine Auvray,Josée Delafose,undirected,555,friendOf
Ghyslaine Auvray,Micheline Bain,undirected,556,friendOf
Ghyslaine Auvray,Alexis Bethune,undirected,557,friendOf
Ghyslaine Auvray,Jean-François Laurens,undirected,558,friendOf
Ghyslaine Auvray,Gabriel Genest,undirected,559,friendOf
Ghyslaine Auvray,Élie Nicollier,undirected,560,friendOf
Ghyslaine Auvray,Jordan Trottier,undirected,561,friendOf
Ghyslaine Auvray,Lambert Gaume,undirected,562,friendOf
Dolorès Neri,Cédric Malet,undirected,563,friendOf
Dolorès Neri,Thibaud Vasseur,undirected,564,friendOf
Dolorès Neri,Émilien Bouhier,undirected,565,friendOf
Dolorès Neri,Gaylord Berengar,undirected,566,friendOf
Dolorès Neri,Nathan Gide,undirected,567,friendOf
Dolorès Neri,Aliénor Lacan,undirected,568,friendOf
Dolorès Neri,Éléonore Beauchamp,undirected,569,friendOf
Dolorès Neri,Marie-José Girault,undirected,570,friendOf
Dolorès Neri,Catherine Vaillancourt,undirected,571,friendOf
Dolorès Neri,Huguette Bouthillier,undirected,572,friendOf
Charlène Gavreau,Mathilde Vérany,undirected,573,friendOf
Charlène Gavreau,Diane Rousseau,undirected,574,friendOf
Charlène Gavreau,Sabrina Lussier,undirected,575,friendOf
Charlène Gavreau,Leslie Plantier,undirected,576,friendOf
Charlène Gavreau,Marion Batteux,undirected,577,friendOf
Charlène Gavreau,Claire Renaudin,undirected,578,friendOf
Charlène Gavreau,Ludovic Lavigne,undirected,579,friendOf
Charlène Gavreau,Remi Galopin,undirected,580,friendOf
Charlène Gavreau,Yves Berger,undirected,581,friendOf
Charlène Gavreau,Théophile Lecerf,undirected,582,friendOf
Charlène Gavreau,Thibault Bellegarde,undirected,583,friendOf
Anne-Laure Gainsbourg,Samuel Hérisson,undirected,584,friendOf
Anne-Laure Gainsbourg,Éloi Galopin,undirected,585,friendOf
Anne-Laure Gainsbourg,Dimitri Delcroix,undirected,586,friendOf
Anne-Laure Gainsbourg,Aaron Charpentier,undirected,587,friendOf
Anne-Laure Gainsbourg,Simon Bethune,undirected,588,friendOf
Anne-Laure Gainsbourg,Haydée Gueguen,undirected,589,friendOf
Anne-Laure Gainsbourg,Ginette Laflèche,undirected,590,friendOf
Anne-Laure Gainsbourg,Victoria Clérico,undirected,591,friendOf
Anne-Laure Gainsbourg,Colette Jacquet,undirected,592,friendOf
Anne-Laure Gainsbourg,Régine Bachelot,undirected,593,friendOf
Anne-Laure Gainsbourg,Natacha Brunet,undirected,594,friendOf
Anne-Laure Gainsbourg,Marcelle Bellegarde,undirected,595,friendOf
Anne-Laure Gainsbourg,Rosalie Rochefort,undirected,596,friendOf
Isabelle Charpentier,Jean-François Laurens,undirected,597,friendOf
Isabelle Charpentier,Gabriel Genest,undirected,598,friendOf
Isabelle Charpentier,Élie Nicollier,undirected,599,friendOf
Isabelle Charpentier,Jordan Trottier,undirected,600,friendOf
Isabelle Charpentier,Lambert Gaume,undirected,601,friendOf
Isabelle Charpentier,Jules Dieulafoy,undirected,602,friendOf
Isabelle Charpentier,Colin Schaeffer,undirected,603,friendOf
Isabelle Charpentier,Roland Vigouroux,undirected,604,friendOf
Isabelle Charpentier,Roger Jeannin,undirected,605,friendOf
Isabelle Charpentier,Armelle Lozé,undirected,606,friendOf
Isabelle Charpentier,Roberte Barreau,undirected,607,friendOf
Isabelle Charpentier,Berthe Serre,undirected,608,friendOf
Abélia Balzac,Simon Bethune,undirected,609,friendOf
Abélia Balzac,Haydée Gueguen,undirected,610,friendOf
Abélia Balzac,Ginette Laflèche,undirected,611,friendOf
Abélia Balzac,Victoria Clérico,undirected,612,friendOf
Abélia Balzac,Colette Jacquet,undirected,613,friendOf
Abélia Balzac,Régine Bachelot,undirected,614,friendOf
Abélia Balzac,Natacha Brunet,undirected,615,friendOf
Abélia Balzac,Marcelle Bellegarde,undirected,616,friendOf
Abélia Balzac,Rosalie Rochefort,undirected,617,friendOf
Abélia Balzac,Josée Delafose,undirected,618,friendOf
Abélia Balzac,Micheline Bain,undirected,619,friendOf
Abélia Balzac,Alexis Bethune,undirected,620,friendOf
Sylviane Besnard,Éléonore Beauchamp,undirected,621,friendOf
Sylviane Besnard,Marie-José Girault,undirected,622,friendOf
Sylviane Besnard,Catherine Vaillancourt,undirected,623,friendOf
Sylviane Besnard,Huguette Bouthillier,undirected,624,friendOf
Sylviane Besnard,Gwendoline LaFromboise,undirected,625,friendOf
Sylviane Besnard,Angélique Milhaud,undirected,626,friendOf
Gaspard Robineau,Marion Batteux,undirected,627,friendOf
Gaspard Robineau,Claire Renaudin,undirected,628,friendOf
Gaspard Robineau,Ludovic Lavigne,undirected,629,friendOf
Gaspard Robineau,Remi Galopin,undirected,630,friendOf
Gaspard Robineau,Yves Berger,undirected,631,friendOf
Gaspard Robineau,Théophile Lecerf,undirected,632,friendOf
Gaspard Robineau,Thibault Bellegarde,undirected,633,friendOf
Gaspard Robineau,Sacha Bourseiller,undirected,634,friendOf
Gaspard Robineau,Louis Thibodeaux,undirected,635,friendOf
Gaspard Robineau,Marian Maret,undirected,636,friendOf
Gaspard Robineau,Jacob Jauffret,undirected,637,friendOf
Wilfrid Belyea,Augustin Chardin,undirected,638,friendOf
Wilfrid Belyea,Loup Gauthier,undirected,639,friendOf
Wilfrid Belyea,Samuel Hérisson,undirected,640,friendOf
Wilfrid Belyea,Éloi Galopin,undirected,641,friendOf
Wilfrid Belyea,Dimitri Delcroix,undirected,642,friendOf
Wilfrid Belyea,Aaron Charpentier,undirected,643,friendOf
Wilfrid Belyea,Simon Bethune,undirected,644,friendOf
Wilfrid Belyea,Haydée Gueguen,undirected,645,friendOf
Wilfrid Belyea,Ginette Laflèche,undirected,646,friendOf
Wilfrid Belyea,Victoria Clérico,undirected,647,friendOf
Wilfrid Belyea,Colette Jacquet,undirected,648,friendOf
Wilfrid Belyea,Régine Bachelot,undirected,649,friendOf
Wilfrid Belyea,Natacha Brunet,undirected,650,friendOf
Wilfrid Belyea,Marcelle Bellegarde,undirected,651,friendOf
Gaëtan Bousquet,Christine Ballouhey,undirected,652,friendOf
Gaëtan Bousquet,Laurette Escoffier,undirected,653,friendOf
Gaëtan Bousquet,Agathe Jacquard,undirected,654,friendOf
Gaëtan Bousquet,Marie D'Aboville,undirected,655,friendOf
Gaëtan Bousquet,Ivanna Mallette,undirected,656,friendOf
Gaëtan Bousquet,Thierry Boudreaux,undirected,657,friendOf
Gaëtan Bousquet,Gilbert Allaire,undirected,658,friendOf
Gaëtan Bousquet,Davy Bethune,undirected,659,friendOf
Gaëtan Bousquet,Augustin Chardin,undirected,660,friendOf
Gaëtan Bousquet,Loup Gauthier,undirected,661,friendOf
Gaëtan Bousquet,Samuel Hérisson,undirected,662,friendOf
Gaëtan Bousquet,Éloi Galopin,undirected,663,friendOf
Gaëtan Bousquet,Dimitri Delcroix,undirected,664,friendOf
Kévin Pasquier,Jean-François Laurens,undirected,665,friendOf
Kévin Pasquier,Gabriel Genest,undirected,666,friendOf
Kévin Pasquier,Élie Nicollier,undirected,667,friendOf
Kévin Pasquier,Jordan Trottier,undirected,668,friendOf
Kévin Pasquier,Lambert Gaume,undirected,669,friendOf
Kévin Pasquier,Jules Dieulafoy,undirected,670,friendOf
Kévin Pasquier,Colin Schaeffer,undirected,671,friendOf
Kévin Pasquier,Roland Vigouroux,undirected,672,friendOf
Kévin Pasquier,Roger Jeannin,undirected,673,friendOf
Kévin Pasquier,Armelle Lozé,undirected,674,friendOf
Kévin Pasquier,Roberte Barreau,undirected,675,friendOf
François Pretre,Colette Jacquet,undirected,676,friendOf
François Pretre,Régine Bachelot,undirected,677,friendOf
François Pretre,Natacha Brunet,undirected,678,friendOf
François Pretre,Marcelle Bellegarde,undirected,679,friendOf
François Pretre,Rosalie Rochefort,undirected,680,friendOf
François Pretre,Josée Delafose,undirected,681,friendOf
François Pretre,Micheline Bain,undirected,682,friendOf
François Pretre,Alexis Bethune,undirected,683,friendOf
François Pretre,Jean-François Laurens,undirected,684,friendOf
François Pretre,Gabriel Genest,undirected,685,friendOf
François Pretre,Élie Nicollier,undirected,686,friendOf
François Pretre,Jordan Trottier,undirected,687,friendOf
François Pretre,Lambert Gaume,undirected,688,friendOf
François Pretre,Jules Dieulafoy,undirected,689,friendOf
François Pretre,Colin Schaeffer,undirected,690,friendOf
François Pretre,Roland Vigouroux,undirected,691,friendOf
François Pretre,Roger Jeannin,undirected,692,friendOf
François Pretre,Armelle Lozé,undirected,693,friendOf
François Pretre,Roberte Barreau,undirected,694,friendOf
François Pretre,Berthe Serre,undirected,695,friendOf
François Pretre,Haydée Gauthier,undirected,696,friendOf
François Pretre,Mathilde Vérany,undirected,697,friendOf
François Pretre,Diane Rousseau,undirected,698,friendOf
François Pretre,Sabrina Lussier,undirected,699,friendOf
Cédric Malet,Théophile Lecerf,undirected,700,friendOf
Cédric Malet,Thibault Bellegarde,undirected,701,friendOf
Cédric Malet,Sacha Bourseiller,undirected,702,friendOf
Cédric Malet,Louis Thibodeaux,undirected,703,friendOf
Cédric Malet,Marian Maret,undirected,704,friendOf
Cédric Malet,Jacob Jauffret,undirected,705,friendOf
Thibaud Vasseur,Leslie Plantier,undirected,706,friendOf
Thibaud Vasseur,Marion Batteux,undirected,707,friendOf
Thibaud Vasseur,Claire Renaudin,undirected,708,friendOf
Thibaud Vasseur,Ludovic Lavigne,undirected,709,friendOf
Thibaud Vasseur,Remi Galopin,undirected,710,friendOf
Émilien Bouhier,Claude Poincaré,undirected,711,friendOf
Émilien Bouhier,Nicolas Raoult,undirected,712,friendOf
Émilien Bouhier,Marc-Antoine LaFromboise,undirected,713,friendOf
Émilien Bouhier,Lorie Chapuis,undirected,714,friendOf
Émilien Bouhier,Jocelyne Touchard,undirected,715,friendOf
Émilien Bouhier,Sabine Crépin,undirected,716,friendOf
Émilien Bouhier,Clarisse Affré,undirected,717,friendOf
Émilien Bouhier,Michèle Pernet,undirected,718,friendOf
Émilien Bouhier,Christine Ballouhey,undirected,719,friendOf
Émilien Bouhier,Laurette Escoffier,undirected,720,friendOf
Gaylord Berengar,Remi Galopin,undirected,721,friendOf
Gaylord Berengar,Yves Berger,undirected,722,friendOf
Gaylord Berengar,Théophile Lecerf,undirected,723,friendOf
Gaylord Berengar,Thibault Bellegarde,undirected,724,friendOf
Gaylord Berengar,Sacha Bourseiller,undirected,725,friendOf
Gaylord Berengar,Louis Thibodeaux,undirected,726,friendOf
Gaylord Berengar,Marian Maret,undirected,727,friendOf
Gaylord Berengar,Jacob Jauffret,undirected,728,friendOf
Nathan Gide,Loup Gauthier,undirected,729,friendOf
Nathan Gide,Samuel Hérisson,undirected,730,friendOf
Nathan Gide,Éloi Galopin,undirected,731,friendOf
Nathan Gide,Dimitri Delcroix,undirected,732,friendOf
Nathan Gide,Aaron Charpentier,undirected,733,friendOf
Nathan Gide,Simon Bethune,undirected,734,friendOf
Nathan Gide,Haydée Gueguen,undirected,735,friendOf
Nathan Gide,Ginette Laflèche,undirected,736,friendOf
Nathan Gide,Victoria Clérico,undirected,737,friendOf
Nathan Gide,Colette Jacquet,undirected,738,friendOf
Nathan Gide,Régine Bachelot,undirected,739,friendOf
Nathan Gide,Natacha Brunet,undirected,740,friendOf
Nathan Gide,Marcelle Bellegarde,undirected,741,friendOf
Nathan Gide,Rosalie Rochefort,undirected,742,friendOf
Nathan Gide,Josée Delafose,undirected,743,friendOf
Nathan Gide,Micheline Bain,undirected,744,friendOf
Nathan Gide,Alexis Bethune,undirected,745,friendOf
Nathan Gide,Jean-François Laurens,undirected,746,friendOf
Aliénor Lacan,Marie D'Aboville,undirected,747,friendOf
Aliénor Lacan,Ivanna Mallette,undirected,748,friendOf
Aliénor Lacan,Thierry Boudreaux,undirected,749,friendOf
Aliénor Lacan,Gilbert Allaire,undirected,750,friendOf
Aliénor Lacan,Davy Bethune,undirected,751,friendOf
Aliénor Lacan,Augustin Chardin,undirected,752,friendOf
Aliénor Lacan,Loup Gauthier,undirected,753,friendOf
Aliénor Lacan,Samuel Hérisson,undirected,754,friendOf
Aliénor Lacan,Éloi Galopin,undirected,755,friendOf
Aliénor Lacan,Dimitri Delcroix,undirected,756,friendOf
Aliénor Lacan,Aaron Charpentier,undirected,757,friendOf
Aliénor Lacan,Simon Bethune,undirected,758,friendOf
Aliénor Lacan,Haydée Gueguen,undirected,759,friendOf
Éléonore Beauchamp,Micheline Bain,undirected,760,friendOf
Éléonore Beauchamp,Alexis Bethune,undirected,761,friendOf
Éléonore Beauchamp,Jean-François Laurens,undirected,762,friendOf
Éléonore Beauchamp,Gabriel Genest,undirected,763,friendOf
Éléonore Beauchamp,Élie Nicollier,undirected,764,friendOf
Éléonore Beauchamp,Jordan Trottier,undirected,765,friendOf
Éléonore Beauchamp,Lambert Gaume,undirected,766,friendOf
Éléonore Beauchamp,Jules Dieulafoy,undirected,767,friendOf
Éléonore Beauchamp,Colin Schaeffer,undirected,768,friendOf
Éléonore Beauchamp,Roland Vigouroux,undirected,769,friendOf
Éléonore Beauchamp,Roger Jeannin,undirected,770,friendOf
Éléonore Beauchamp,Armelle Lozé,undirected,771,friendOf
Éléonore Beauchamp,Roberte Barreau,undirected,772,friendOf
Éléonore Beauchamp,Berthe Serre,undirected,773,friendOf
Éléonore Beauchamp,Haydée Gauthier,undirected,774,friendOf
Éléonore Beauchamp,Mathilde Vérany,undirected,775,friendOf
Éléonore Beauchamp,Diane Rousseau,undirected,776,friendOf
Éléonore Beauchamp,Sabrina Lussier,undirected,777,friendOf
Éléonore Beauchamp,Leslie Plantier,undirected,778,friendOf
Éléonore Beauchamp,Marion Batteux,undirected,779,friendOf
Éléonore Beauchamp,Claire Renaudin,undirected,780,friendOf
Éléonore Beauchamp,Ludovic Lavigne,undirected,781,friendOf
Éléonore Beauchamp,Remi Galopin,undirected,782,friendOf
Éléonore Beauchamp,Yves Berger,undirected,783,friendOf
Éléonore Beauchamp,Théophile Lecerf,undirected,784,friendOf
Éléonore Beauchamp,Thibault Bellegarde,undirected,785,friendOf
Marie-José Girault,Théophile Lecerf,undirected,786,friendOf
Marie-José Girault,Thibault Bellegarde,undirected,787,friendOf
Marie-José Girault,Sacha Bourseiller,undirected,788,friendOf
Marie-José Girault,Louis Thibodeaux,undirected,789,friendOf
Marie-José Girault,Marian Maret,undirected,790,friendOf
Marie-José Girault,Jacob Jauffret,undirected,791,friendOf
Catherine Vaillancourt,Louis Thibodeaux,undirected,792,friendOf
Catherine Vaillancourt,Marian Maret,undirected,793,friendOf
Catherine Vaillancourt,Jacob Jauffret,undirected,794,friendOf
Catherine Vaillancourt,Gérôme Calvet,undirected,795,friendOf
Catherine Vaillancourt,Thaïs LaFromboise,undirected,796,friendOf
Catherine Vaillancourt,Éliane Affré,undirected,797,friendOf
Catherine Vaillancourt,Marie-Claire Spanghero,undirected,798,friendOf
Catherine Vaillancourt,Ghyslaine Auvray,undirected,799,friendOf
Catherine Vaillancourt,Dolorès Neri,undirected,800,friendOf
Catherine Vaillancourt,Charlène Gavreau,undirected,801,friendOf
Huguette Bouthillier,Louis Thibodeaux,undirected,802,friendOf
Huguette Bouthillier,Marian Maret,undirected,803,friendOf
Huguette Bouthillier,Jacob Jauffret,undirected,804,friendOf
Huguette Bouthillier,Gérôme Calvet,undirected,805,friendOf
Huguette Bouthillier,Thaïs LaFromboise,undirected,806,friendOf
Huguette Bouthillier,Éliane Affré,undirected,807,friendOf
Huguette Bouthillier,Marie-Claire Spanghero,undirected,808,friendOf
Gwendoline LaFromboise,Claire Renaudin,undirected,809,friendOf
Gwendoline LaFromboise,Ludovic Lavigne,undirected,810,friendOf
Gwendoline LaFromboise,Remi Galopin,undirected,811,friendOf
Gwendoline LaFromboise,Yves Berger,undirected,812,friendOf
Gwendoline LaFromboise,Théophile Lecerf,undirected,813,friendOf
Gwendoline LaFromboise,Thibault Bellegarde,undirected,814,friendOf
Gwendoline LaFromboise,Sacha Bourseiller,undirected,815,friendOf
Gwendoline LaFromboise,Louis Thibodeaux,undirected,816,friendOf
Gwendoline LaFromboise,Marian Maret,undirected,817,friendOf
Gwendoline LaFromboise,Jacob Jauffret,undirected,818,friendOf
Gwendoline LaFromboise,Gérôme Calvet,undirected,819,friendOf
Angélique Milhaud,Sabrina Lussier,undirected,820,friendOf
Angélique Milhaud,Leslie Plantier,undirected,821,friendOf
Angélique Milhaud,Marion Batteux,undirected,822,friendOf
Angélique Milhaud,Claire Renaudin,undirected,823,friendOf
Angélique Milhaud,Ludovic Lavigne,undirected,824,friendOf
Angélique Milhaud,Remi Galopin,undirected,825,friendOf
Angélique Milhaud,Yves Berger,undirected,826,friendOf
Angélique Milhaud,Théophile Lecerf,undirected,827,friendOf
Michelle Lefrançois,Jacob Jauffret,undirected,828,friendOf
Michelle Lefrançois,Gérôme Calvet,undirected,829,friendOf
Michelle Lefrançois,Thaïs LaFromboise,undirected,830,friendOf
Michelle Lefrançois,Éliane Affré,undirected,831,friendOf
Michelle Lefrançois,Marie-Claire Spanghero,undirected,832,friendOf
Michelle Lefrançois,Ghyslaine Auvray,undirected,833,friendOf
Michelle Lefrançois,Dolorès Neri,undirected,834,friendOf
Fanny Laffitte,Jordan Trottier,undirected,835,friendOf
Fanny Laffitte,Lambert Gaume,undirected,836,friendOf
Fanny Laffitte,Jules Dieulafoy,undirected,837,friendOf
Fanny Laffitte,Colin Schaeffer,undirected,838,friendOf
Fanny Laffitte,Roland Vigouroux,undirected,839,friendOf
Fanny Laffitte,Roger Jeannin,undirected,840,friendOf
Fanny Laffitte,Armelle Lozé,undirected,841,friendOf
Fanny Laffitte,Roberte Barreau,undirected,842,friendOf
Fanny Laffitte,Berthe Serre,undirected,843,friendOf
Cécilia Bethune,Catherine Vaillancourt,undirected,844,friendOf
Cécilia Bethune,Huguette Bouthillier,undirected,845,friendOf
Cécilia Bethune,Gwendoline LaFromboise,undirected,846,friendOf